"farm_id";"name"
1;"Farm-1"
2;"Farm-2"
3;"Farm-3"
4;"Farm-4"
5;"Farm-5"
6;"Farm-6"
7;"Farm-7"
8;"Farm-8"
9;"Farm-9"
11;"Farm-11"
12;"Farm-12"
13;"Farm-13"
14;"Farm-14"
16;"Farm-16"
17;"Farm-17"
18;"Farm-18"
19;"Farm-19"
20;"Farm-20"
21;"Farm-21"
22;"Farm-22"
23;"Farm-23"
24;"Farm-24"
26;"Farm-26"
27;"Farm-27"
28;"Farm-28"
29;"Farm-29"
30;"Farm-30"
31;"Farm-31"
32;"Farm-32"
34;"Farm-34"
35;"Farm-35"
36;"Farm-36"
37;"Farm-37"
38;"Farm-38"
39;"Farm-39"
40;"Farm-40"
41;"Farm-41"
42;"Farm-42"
43;"Farm-43"
44;"Farm-44"
45;"Farm-45"
46;"Farm-46"
47;"Farm-47"
48;"Farm-48"
49;"Farm-49"
50;"Farm-50"
51;"Farm-51"
52;"Farm-52"
53;"Farm-53"
54;"Farm-54"
55;"Farm-55"
56;"Farm-56"
57;"Farm-57"
58;"Farm-58"
60;"Farm-60"
62;"Farm-62"
63;"Farm-63"
64;"Farm-64"
66;"Farm-66"
69;"Farm-69"
70;"Farm-70"
71;"Farm-71"
72;"Farm-72"
73;"Farm-73"
75;"Farm-75"
76;"Farm-76"
78;"Farm-78"
79;"Farm-79"
80;"Farm-80"
82;"Farm-82"
84;"Farm-84"
85;"Farm-85"
87;"Farm-87"
